warkop_id,name,address,rating,rating_count,region,facilities
1,WARKOP 2 SAUDARA,"Kota Jakarta Pusat, Daerah Khusus Ibukota Jakarta",4.5,2,Pusat,"24hours,wifi,toilet,parking"
2,Warkop Selamat Sejahtera,"Jl. Kebon Kacang 30 No.15, RT.5/RW.4",4.5,2,Pusat,"wifi,toilet"
3,Warkop Been Aouf,"Jl. Kb. Kacang XL No.24, RT.10/RW.4",4.5,68,Pusat,"toilet,parking"
4,Warkop otoy,Jl. Kebon Kacang 30 No.7,5,3,Pusat,"toilet,parking"
5,Warkop Barokah masjid jami'e darusalam,"Masjid Darussalam, Jl. Kotabumi Ujung No.Depan 8, RT.8/RW.3",4.5,2,Pusat,"24hours,parking"
6,Warkop Sehati,"Jl. Kb. Kacang 6 No.70 14, RT.14/RW.5",5,1,Pusat,"toilet,parking,wifi"
7,Warkop Tiku,Thamrin City Lantai 3 No 28 Food court Jln Teluk Betung Boulevard,4.7,56,Pusat,"ac,toilet"
8,Warkop kuningan,"Jl. Kebon Sayur No.20, RT.14/RW.3",5,1,Pusat,"24hours,wifi,toilet,parking,ac"
9,WARKOP MOTEKAR,"Jl. Talang Betutu Ujung No.10 15, RT.13/RW.4",4.7,3,Pusat,"toilet,parking,wifi"
10,Warkop Khabita 78,"No., Jl. Tj. Duren Raya No.1, RT.3/RW.1",4.7,22,Pusat,"24hours,wifi,toilet,parking"
11,Warkop Mamah GALANG & BAIM,"Jl. Dukuh Pinggir V No.19 10, RT.10/RW.6",4.3,3,Pusat,"toilet,parking"
12,Warkop Bang DuDung,"RR6C+RM3, Jl. Kb. Kacang XI",4.5,8,Pusat,"ac,toilet"
13,WARKOP BABEH,Jl. Sungai Gerong No.1-1A,5,1,Pusat,"24hours,wifi,toilet"
14,Warkop Sugab,"Jl. Kp. Bali X No.26 7, RT.8/RW.9",4.8,19,Pusat,"ac,toilet"
15,Warkop Kabengbat,"Kota Jakarta Pusat, Daerah Khusus Ibukota Jakarta",4,2,Pusat,"24hours,parking"
16,Warkop AP KT NT AJ,"samping Gedung Jamiat Kheir, Jl. Kb. Kacang 6",5,2,Pusat,"toilet,parking"
17,Warkop pancong Lontar ( Kebon Melati ),"Jl. Lontar Raya No.107b 1, RT.1/RW.12",4.6,10,Pusat,"24hours,parking"
18,Warkop Segitiga,"Jl. K.H. Wahid Hasyim No.54A 7, RT.7/RW.5",3.3,8,Pusat,"toilet,parking,wifi"
19,Warkop Slamet. Bw,"QRX8+R2M, RT.1/RW.17",4.1,7,Pusat,"toilet,parking,wifi"
20,Warkop JAJA,"Jl. Sabeni Raya No.20, RT.20/RW.12",4.5,2,Pusat,"ac,toilet"
21,Warkop Romi gaharu,"Jl. Kembang IV No.111 1, RT.1/RW.2",5,25,Pusat,"wifi,toilet,parking,ac"
22,Warkop UPA,"Jalan Jati Baru 10 RT. 01/RW.04 RT.1, RT.1/RW.4",5,14,Pusat,"toilet,parking"
23,Warkop Akang,"Jl. Kb. Pala II No.10 5, RT.5/RW.13",3.5,4,Pusat,"ac,toilet"
24,Warkop Babang,"Jl. Kp. Bali XIII No.1, RT.2/RW.9",4.9,7,Pusat,"24hours,parking"
25,Warkop Aba Tanah Abang,"Jl. K.H. Mas Mansyur Jl. Kb. Pala I No.286, RT.2/RW.16",5,13,Pusat,"wifi,toilet,parking,ac"
26,WARKOP OREN TENLIS,"Jl. Tenaga Listrik No.1, RT.7/RW.16",5,10,Pusat,"24hours,parking"
27,WARKOP HDHT 24 JAM,"Jl. Kp. Bali XII No.37 4, RT.1/RW.9",5,6,Pusat,"24hours,wifi,toilet,parking"
28,Warkop Ihsan Sabang,"Jl. H. Agus Salim No.35, RT.1/RW.1",5,2,Pusat,"ac,toilet"
29,Warkop Morena99,"Patokan pos burung, Jl. Kb. Pala 3 No.013, RT.1/RW.15",5,5,Pusat,"24hours,wifi,toilet,parking,ac"
30,Warkop Sari,"Jl. Kb. Pala 3 No.36A 3, RT.3/RW.13",4,4,Pusat,"wifi,toilet,parking,ac"
31,Warkop Kang Sidik,"Kota Jakarta Pusat, Daerah Khusus Ibukota Jakarta",4.7,76,Pusat,"toilet,parking,wifi"
32,Warkop jaja jabun,"Warkop Jaja jabun, Alamat: jl. Jati bunder 7.RT 09 RW 14. kel. Kebon melati, RT.4/RW.14",4,4,Pusat,"ac,toilet"
33,Warkop Mang Ade,"QRV6+8PF, Jl. Karet Pasar Baru Barat II, RT.9/RW.5",4.3,6,Pusat,"toilet,parking"
34,WARKOP KUNTAS,"Jl. Kebon Sirih Timur No.dalam no.5d, RT.14/RW.6",5,1,Pusat,"24hours,parking"
35,Warkop bunda salsa,"Jl. Edi 9 No.11 5, RT.5/RW.6",4.7,3,Pusat,"toilet,parking"
36,Warkop(nasgor)tohir,"Jl. Jati Bunder Dalam No.27 11, RT.11/RW.14",3.4,5,Pusat,"24hours,parking"
37,Warkop Jambu,"No. 12, Jl. Karet Karya 1, RT.4/RW.7",4.8,36,Pusat,"toilet,parking,wifi"
38,Warkop Ilham,"Jl. Menteng No.5, RT.5/RW.7",4.6,12,Pusat,"24hours,wifi,toilet,parking"
39,Warkop Hegar,"Jl. Taman Setia Budi II No.1, RT.1/RW.2",4.5,41,Pusat,"toilet,parking,wifi"
40,Warkop Mamang Adi,"Jl. Petamburan II No.17A, RT.11/RW.3",5,4,Pusat,"wifi,toilet,parking,ac"
41,Warkop gang mess,"Jl. Mess No.RT. 14, RT.13/RW.17",4.4,47,Pusat,"toilet,parking,wifi"
42,WARKOP PAK'DE,"RR99+37W, Jl. Kebon Sirih, RT.2/RW.3",3.2,6,Pusat,"wifi,toilet"
43,WARKOP BHEGHE,"jln.admininstrasi I pejompongan rt. 08 rw. 07 kec, RT.1/RW.7",5,11,Pusat,"24hours,parking"
44,Warkop Arimbi,RT.3/RW.2,5,12,Pusat,"toilet,parking,wifi"
45,Warkop Marindo,"Jalan Bendungan Hillir 3 No.9, RT.11/RW.1",4.4,143,Pusat,"toilet,parking,wifi"
46,Warkop Asgar,"Jl. Halimun Raya No.2 15 6, RT.15/RW.6",4.3,3,Pusat,"24hours,wifi,toilet,parking"
47,Warkop Pasundan Setiabudi Tengah,"Jl. Setiabudi Tengah No.14 Seberang Warung MJS / Le Green Kuningan Setiabudi, RT.1/RW.1",4.4,9,Pusat,"toilet,parking"
48,Warkop Ar Rahman,"Jl. Setia Budi V No.15 5, RT.5/RW.3",5,5,Pusat,"toilet,parking"
49,WARKOP MAMA ADIT,"Jl. Kedoya Raya No.58A 10, RT.2/RW.1",4.1,8,Barat,"toilet,parking"
50,Warkop Imam,"Jl. Panjang No.1, RT.1/RW.3",5,4,Barat,"24hours,wifi,toilet,parking"
51,Warkop Kang Didi,"9, RT.9/RW.13",5,2,Barat,"24hours,parking"
52,Warkop Edo/edi,"Jl. Taman Ratu Raya Blk. BB1 No.19 10, RT.3/RW.13",4.5,11,Barat,"24hours,wifi,toilet,parking,ac"
53,Warkop Pengkolan,"Jl. Pengairan Pesing Koneng No.39 10, RT.10/RW.8",5,10,Barat,"24hours,parking"
54,Warkop angkringan Bu rete pingkal,"RQP8+QM5,Jakarta Barat, RT.3/RW.1",5,1,Barat,"toilet,parking,wifi"
55,Warkop Cukil,"Jl. Ratu Barat 1 No.10 9, RT.9/RW.13",5,3,Barat,"toilet,parking,wifi"
56,Warkop bang otip,"RQP8+WXM, RT.4/RW.1",4.9,30,Barat,"24hours,wifi,toilet,parking"
57,Warkop betawi bg daus,"Jl. Pesing Garden No.19, RT.4/RW.8",5,2,Barat,"24hours,parking"
58,Warkop Mpo Yanti,"RQG9+JVJ, Unnamed Road, RT.3/RW.4",4.4,8,Barat,"toilet,parking"
59,Warkop Jaya,"RQV6+F3X, RT.13/RW.3",4.5,17,Barat,"24hours,parking"
60,Warkop Ali Green Garden,"Jl. Adhi Karya No.30, RT.2/RW.5",4.9,22,Barat,"toilet,parking,wifi"
61,Warkop Sari Indah - Joss Chicken,"Jl. Perjuangan No.12E 3, RT.13/RW.7",4.7,85,Barat,"toilet,parking"
62,Warkop Deni,"Jl. Basmol Raya No.158, RT.8/RW.4",4.4,107,Barat,"wifi,toilet,parking,ac"
63,Warkop Ropang Rai Raka,"Jl. Indraloka Raya No.28, RT.5/RW.6",4.9,10,Barat,"24hours,wifi,toilet,parking,ac"
64,Warkop Project,"Jl. Kedoya Raya No.27 1, RT.1/RW.3",4.5,32,Barat,"toilet,parking,wifi"
65,Warkop Ujung Aspal,"Jl. Surya Permata III No.79 12, RT.14/RW.1",5,11,Barat,"24hours,wifi,toilet,parking,ac"
66,Warkop Ipeh,"Jl. Pesing Garden No.90 1, RT.1/RW.8",5,10,Barat,"ac,toilet"
67,Warkop pesing garden,"Ruko Green Garden, Komp, nomer, Jl. Panjang Arteri Klp. Dua Raya No.16, RT.14/RW.8",4.8,5,Barat,"wifi,toilet"
68,Warkop 1926,"Jl. Panjang No.4, RT.13/RW.5",5,2,Barat,"24hours,wifi,toilet,parking"
69,Warkop BU PONNY,"Jl. Kali Sekretaris No.2, RT.2/RW.5",5,1,Barat,"toilet,parking,wifi"
70,Warkop Rasa Rindu,"Jl. Kali Sekretaris No.20, RT.8/RW.5",5,1,Barat,"24hours,wifi,toilet,parking,ac"
71,Warkop Naik Kelas,"Jl. Komp. Graha Indah Green Ville Blok Bg No.20, RT.11/RW.14",4.6,45,Barat,"24hours,parking"
72,warkop tampomas,"Jl. Asem Raya No.3, RT.8/RW.8",4.6,16,Barat,"toilet,parking,wifi"
73,Warkop Kataji,"Jalan Puri Kembangan Rt 06/03 #97, Kedoya Selatan, Kebon Jeruk, RT.8/RW.3",4.3,61,Barat,"toilet,parking"
74,Warkop BABEH,"Jl. Kp. Salo No.2, RT.2/RW.4",5,1,Barat,"toilet,parking,wifi"
75,Warkop Noni jln karya grogol,"Jl. Karya Barat III No.9c 10, RT.10/RW.3",5,1,Barat,"wifi,toilet,parking,ac"
76,WARKOP KUNINGAN GANG MASJID AL UKHUWAH,"Jl. Masjid Al Ukhuwah No.6 13, RT.13/RW.1",4.2,5,Barat,"toilet,parking"
77,Warkop Jaya,"RQV6+F3X, RT.13/RW.3",4.5,17,Barat,"toilet,parking"
78,Warkop Rasa Rindu,"Jl. Kali Sekretaris No.20, RT.8/RW.5",5,1,Barat,"24hours,parking"
79,Warkop Salo.,"Kp Salo Rt 7/7, RT.2/RW.5",5,1,Barat,"toilet,parking,wifi"
80,Warkop Rasa Sayang komp.depag,"Jl. Komp. Departemen Agama No.18 4, RT.4/RW.3",5,10,Barat,"24hours,wifi,toilet,parking"
81,Warkop bang udin,"Jl. Mangga 19 No.2, RW.3",5,2,Barat,"24hours,wifi,toilet,parking,ac"
82,Warkop BASS,"Jl. Duri Mas 1 Ujung No.rt8, RT.5/RW.10",5,2,Barat,"24hours,wifi,toilet,parking,ac"
83,WARKOP MPOK NUNG,"Belakang Studio 5 Indosiar, Jl. Kali Sekretaris No. 1 RT. 007 RW. 05, Jl. Kali Sekretaris No.1, RT.8/RW.5",5,1,Barat,"24hours,wifi,toilet,parking,ac"
84,Warkop End try,Jl. Mangga 16 No.3,5,1,Barat,"toilet,parking"
85,WARUNG FARIDAH(warkop),"RQR5+XV4, RT.3/RW.3",5,1,Barat,"toilet,parking"
86,BC SEENKERS...WARKOP PAK GATOT,"RQR8+QHM, Jakarta Barat, RT.3/RW.5",5,1,Barat,"24hours,wifi,toilet"
87,WARKOP ADVENTURE,"Jl. Kp. Baru No.010 3, RT.10/RW.3",5,3,Barat,"24hours,wifi,toilet,parking"
88,warkop Isal,"RQF3+V86, RT.10/RW.6",5,1,Barat,"24hours,parking"
89,Warkop 1980,"Gg. H. Musanif No.24 1, RT.1/RW.8",5,4,Barat,"wifi,toilet"
90,WARKOP BOSS !,"Jl. Tanggul Kp. Baru No.130, RT.3/RW.10",5,6,Barat,"wifi,toilet"
91,Warkop Noni jln karya grogol,"Jl. Karya Barat III No.9c 10, RT.10/RW.3",5,1,Barat,"24hours,wifi,toilet"
92,Warkop Putri Tunggal,Dine-inÂ·Takeout,5,1,Timur,"ac,toilet"
93,Warkop Mang Odon,"Jl. Amal Raya No.32, RT.6/RW.1",4.8,20,Timur,"toilet,parking,wifi"
94,Warkop cipta rasa 234,"Jl. Pahlawan Revolusi No.63, RT.1/RW.9",5,10,Timur,"toilet,parking"
95,Warkop sky (warkop Nungs),"Jl. Masjid Abidin No.8, RT.3/RW.8",5,1,Timur,"24hours,wifi,toilet,parking"
96,WARKOP RIZQUNA,"Jl. Guru H. Sa'enan No.17 Blok B, RT.4/RW.9",4.8,12,Timur,"toilet,parking"
97,Warkop SILMA,"No., Jl. Dermaga Raya No.322, RT.7/RW.9",4.4,44,Timur,"24hours,wifi,toilet,parking,ac"
98,Warkop Unyil,"no. duren sawit, Jl. Pahlawan Revolusi No.42, RT.1/RW.9",4.3,9,Timur,"wifi,toilet"
99,Warkop Berkah 76,"Jl. Masjid Abidin No.4, RT.4/RW.6",4.5,4,Timur,"24hours,parking"
100,Warkop Kepo,"Jl. Cipinang Muara 3 No.39 17, RT.17/RW.4",4.6,76,Timur,"toilet,parking"
101,Warkop Atjoy,"Jl. Dermaga Raya No.24 C, RT.3/RW.7",4.5,10,Timur,"ac,toilet"
102,warkop balerakyat,"Jl. Balai Rakyat No.11, RT.11/RW.9",2,3,Timur,"toilet,parking,wifi"
103,WARKOP OREN PONDOK BAMBU,"Jl. B. Tanah 80 No.5, RW.8",5,5,Timur,"24hours,wifi,toilet"
104,Warkop Seruput 31,"Jl. Cipinang Muara 3, RT.7/RW.4",4.5,21,Timur,"ac,toilet"
105,Warkop Joker,"Jl. Masjid Abidin No.5, RT.5/RW.1",5,2,Timur,"24hours,wifi,toilet,parking"
106,Warkop Acong Captain,"Jl. Kapitan No.37 9, RT.9/RW.4",4.3,12,Timur,"wifi,toilet"
107,Warkop Arnika,"QWJ2+95M, Jl. Dermaga Raya, RT.4/RW.8",4.5,4,Timur,"wifi,toilet"
108,Warkop BONSER 8450,"QWG2+QQ8, RT.6/RW.9",4,1,Timur,"toilet,parking"
109,Warkop Bang ucup,"Jl. Madrasah Azziyadaah, RT.10/RW.8",5,6,Timur,"wifi,toilet"
110,Warkop Warmindo Ernesto,"Jl. Cipinang Muara 3, RT.1/RW.15",5,14,Timur,"24hours,parking"
111,Warkop Kopral,"Jl. Cipinang Muara Ilir No.55 3, RT.3/RW.5",4.2,52,Timur,"wifi,toilet"
112,Warkop Jack,"Jl. H. Kamad No.4 53a, RT.1/RW.3",5,3,Timur,"toilet,parking,wifi"
113,Warkop La Familia,"Jl. Pahlawan Revolusi No.4, RW.8",4.5,23,Timur,"wifi,toilet"
114,Warkop bang jaja,"QV9R+8HF, RT.13/RW.3",4.7,67,Timur,"wifi,toilet"
115,Warkop Jajan,"Jl. Dermaga Raya blok B5, RT.3/RW.11",5,2,Timur,"24hours,wifi,toilet"
116,Warkop Babah 57,"QWC2+W65, RT.6/RW.1",5,1,Timur,"24hours,parking"
117,Warkop Teduh,"Jl. Cipinang Muara IV GG. Kutilang RT.002/011 Kel, RT.2/RW.11",4.4,36,Timur,"24hours,wifi,toilet,parking,ac"
118,Warkop Bais,"Jl. Kavling PLN No.2, RT.11/RW.15",5,6,Timur,"ac,toilet"
119,WARKOP DIKA,"Jl. BB I No.6, RT.6/RW.15",5,4,Timur,"24hours,parking"
120,Warkop Muara,"Jl. Cipinang Muara Raya No.1 16, RT.16/RW.3",4.7,11,Timur,"toilet,parking"
121,Warkop Pura-Pura Bahagia,"7, RT.7/RW.4",4.5,2,Timur,"toilet,parking"
122,Warkop Gout,"Jl. Mulya Jaya No.8, RT.5/RW.8",5,17,Timur,"24hours,parking"
123,Warkop Coffe Shop,"Jalan Cipinang Raya Rt 014 Rw 003, Jakarta Selatan, RT.2/RW.3",5,1,Timur,"toilet,parking,wifi"
124,Warkop Si Boy,"QV7W+8QP, Jalan H. Ahmad R., Pondok Bambu, Duren Sawit, RT.11/RW.4",4.4,36,Timur,"toilet,parking,wifi"
125,Warkop Dua Sekawan,"Jl. Cendrawasih No.18, RT.18/RW.3",5,1,Timur,"ac,toilet"
126,Warkop UNS,"Jl. Pangkalan Jati III No.2, Makasar, Kota Jkt Tim., Daerah Khusus Ibukota Jkt 9 5, RT.9/RW.5",4.5,70,Timur,"ac,toilet"
127,Warkop Malacca 4,"QWCH+WJ2, Jl. Jend. R.S. Soekanto, RT.4/RW.10",4.4,773,Timur,"ac,toilet"
128,Warkop Maleber Jaya,"Jalan Cipinang Lontar No. 1 Rt.06/Rw.06 Cipinang Muara, Jatinegara, RT.6/RW.6",4.5,80,Timur,"24hours,wifi,toilet,parking,ac"
129,Warkop Garage 45,"Sdn Duren Sawit 10 Pagi, Jl. Madrasah II No.12, RT.12/RW.10",5,12,Timur,"24hours,wifi,toilet,parking"
130,Warkop Bintang,"Jl. Laut Arafuru No.2C 8, RT.8/RW.10",4.6,14,Timur,"toilet,parking,wifi"
131,Warkop Bang Ben`s,"Jl. KH.Azanie No.13 6, RT.6/RW.10",4.2,35,Timur,"24hours,wifi,toilet,parking"
132,WarKop Camp80's_Eighties,"Jl. B. Tanah 80 Jl. C No.5 5, RT.5/RW.8",5,4,Timur,"toilet,parking,wifi"
133,Warkop Alberkah,"Jl. Kejaksaan No.52 4, RT.4/RW.5",4.4,14,Timur,"toilet,parking,wifi"
134,Warkop Bang Iban,"Jl. Kapuk III No.1 9, RT.6/RW.5",5,1,Timur,"24hours,wifi,toilet"
135,Warkop Gg Z (War Z),"Jl Mulya jaya, Jl. Cipinang Muara Ilir Gg. Z Jl. Cipinang Muara III, RT.1/RW.8",5,2,Timur,"24hours,wifi,toilet"
136,Warkop Nyai Sinden,"Jl. H. Hanapi No.14, RT.14/RW.2",5,2,Timur,"24hours,wifi,toilet,parking,ac"
137,Warkop bening harmony,"Jl. Duren Sawit Baru No.5 Blok A2, RT.4/RW.11",4.5,10,Timur,"24hours,wifi,toilet,parking"
138,Warkop Bangun,"Jl. Cipinang Muara Raya No.4 No.5, RT.4/RW.14",4.6,28,Timur,"24hours,wifi,toilet"
139,Warkop Iwan (Kuningan),"4, RT.4/RW.3",5,1,Timur,"ac,toilet"
140,Disini Ada Warkop,"QVJW+2M2, Jl. Cipinang Muara 3, RT.1/RW.4",5,3,Timur,"24hours,wifi,toilet"
141,warkop Omm Broo,"Dekat jembatan jagal, samping Gapura, Jl Bekasi Timur Raya N.o17, Gang SD Mustika, RT.1/RW.4",4.7,30,Timur,"ac,toilet"
142,Warkop Tunas Harapan,"Jl. Swadaya Raya No.13, RT.13/RW.1",4.6,51,Timur,"24hours,wifi,toilet"
143,AJE GILE WARKOP,"Jl. Duren Sawit Raya (dermaga) No.7, RT.5/RW.10",4.5,21,Timur,"ac,toilet"
144,WARKOP 2 SAUDARA,"Central Jakarta City, Jacarta, IndonÃ©sia",4.5,2,Pusat,"24hours,wifi,toilet,parking,ac"
145,Warkop Barokah masjid jami'e darusalam,"Masjid Darussalam, Jl. Kotabumi Ujung No.Depan 8, RT.8/RW.3",4.5,2,Pusat,"ac,toilet"
146,Warkop Sehati,"Jl. Kb. Kacang 6 No.70 14, RT.14/RW.5",5,1,Pusat,"24hours,wifi,toilet"
147,Warkop Romi gaharu,"Jl. Kembang IV No.111 1, RT.1/RW.2",5,25,Pusat,"ac,toilet"
148,WARKOP SINAR GALUH,"QRFR+VP4, Jl. Pal Batu 3, RT.4/RW.10",4.6,23,Pusat,"wifi,toilet,parking,ac"
149,WARKOP MOTEKAR,"Jl. Talang Betutu Ujung No.10 15, RT.13/RW.4",4.7,3,Pusat,"24hours,wifi,toilet"
150,Warung Kopi Pandawa,"Jl. Pedurenan Mesjid 1 Kel No.40, RT.16/RW.4",4.5,121,Pusat,"24hours,wifi,toilet"
151,Warkop Barokah - Roti Bakar,"Jl. Tebet Barat IV No.13, RT.16/RW.2",4.6,98,Pusat,"24hours,wifi,toilet,parking,ac"
152,"WARKOP ""RUWET""","RR84+56V, Jalan Gg. IV, RT.8/RW.4",5,2,Pusat,toilet
153,Warkop Marindo,"Jalan Bendungan Hillir 3 No.9, RT.11/RW.1",4.4,143,Pusat,"ac,toilet"
154,Warkop Khabita 78,"No., Jl. Tj. Duren Raya No.1, RT.3/RW.1",4.7,22,Pusat,"24hours,wifi,toilet,parking"
155,Warkop Been Aouf,"Jl. Kb. Kacang XL No.24, RT.10/RW.4",4.5,68,Pusat,"wifi,toilet,parking,ac"
156,Warkop Selamat Sejahtera,Jl. Kebon Kacang 30 No.15,4.5,2,Pusat,"24hours,wifi,toilet"
157,Warkop AA,"2 Jalan Lapangan Ros Utara No.32, KH. Abdullah Safie No.32, RT.2/RW.6",4.6,157,Pusat,"24hours,wifi,toilet"
158,Warkop Bang Doel,"Jl. Kota Bambu Utara IV No.8 2, RT.4/RW.6",5,1,Pusat,"wifi,toilet,parking,ac"
159,Warkop DPR RGF,"Jalan epicentrum tengah, Rasuna garden foodstreeta, RT.1/RW.5",4.9,85,Pusat,"wifi,toilet,parking,ac"
160,Warkop Indomie,"Jl. Kebon Jahe Kober 5 No.20 8, RT.8/RW.8",4.4,37,Pusat,"ac,toilet"
161,Warkop Heroy,"Jl. Kebon Kacang Raya No.1A, RT.7/RW.14",4.5,551,Pusat,"24hours,wifi,toilet"
162,Warkop AMMAR 1608,"RRPH+5VC, RT.3/RW.4",5,1,Pusat,"toilet,parking,wifi"
163,WARKOP BETAWI CORNER,"Jalan KH. Ilyas No.2, RT.16/RW.7, Kuningan 7, RT.16/RW.2",5,8,Pusat,"ac,toilet"
164,Warkop Pakde BENHIL,"Jl. Bendungan Hilir No.5, RT.5/RW.3",5,4,Pusat,"24hours,wifi,toilet,parking,ac"
165,WARKOP KUNTAS,"Jl. Kebon Sirih Timur No.dalam no.5d, RT.14/RW.6",5,1,Pusat,"ac,toilet"
166,Warkop otoy,Jl. Kebon Kacang 30 No.7,5,3,Pusat,"24hours,wifi,toilet"
167,Warkop Turunan,"Jl. KH Abdullah Syafei No.3, RT.3/RW.2",4.9,8,Pusat,"toilet,parking,wifi"
168,Warkop baraya 5/A's Putra,"Jl. Kemanggisan Ilir Raya No.36 2, RT.13/RW.8",5,5,Pusat,"ac,toilet"
169,Warkop Resik,Jl. Pedurenan Masjid 2,4.2,9,Pusat,"wifi,toilet"
170,Warkop Omid,"Jl. Swadaya Ujung No.9 4, RT.4/RW.17",4.1,19,Pusat,"24hours,parking"
171,Warkop Kramat Lontar,"Jl. Kramat Lontar No.1, RT.2/RW.7",4.5,49,Pusat,"toilet,parking,wifi"
172,Warkop Kamboja,"Jl. Pulo Kamboja No.17, RT.4/RW.6",5,9,Pusat,"ac,toilet"
173,Warkop Saset,"Jl. Menteng Atas Dalam No.1, RT.3/RW.6",5,13,Pusat,"24hours,wifi,toilet,parking"
174,WARKOP aa,"Jl. Kota Bambu Sel. 6 No.1 8, RT.6/RW.5",5,3,Pusat,"24hours,wifi,toilet,parking"
175,Warkop Jabrik,"Jl. Kawi Kawi Bawah L No.36 12, RT.12/RW.8",3.7,7,Pusat,"ac,toilet"
176,Warkop Nanas Gang T,"Jl. Nanas No.3-5 11, RT.11/RW.10",4.5,45,Pusat,"24hours,wifi,toilet,parking,ac"
177,Warkop Puaâ€™Kaleâ€™,"9, Jl. Poltangan Raya No.44A, RT.9/RW.11",4.6,585,Pusat,"24hours,wifi,toilet,parking"
178,Warkop Pasundan Setiabudi Tengah,"Jl. Setiabudi Tengah No.14 Seberang Warung MJS / Le Green Kuningan Setiabudi, RT.1/RW.1",4.4,9,Pusat,"ac,toilet"
179,Warkop Resik,"Jl. Karbela Timur No.10-34 1, RT.1/RW.5",4.8,39,Pusat,"wifi,toilet,parking,ac"
180,Warkop X Pancong,"Jl. K.H. Royani I No.23 9, RT.10/RW.1",4.1,15,Pusat,"24hours,wifi,toilet,parking,ac"
181,WARKOP REVAN,"Gg. H Mustopa Jl. Kota Bambu Utara I No.10 13, RT.9/RW.1",5,12,Pusat,"ac,toilet"
182,Warkop Resik,"Jl. Karet Gusuran III No.8 12, RT.12/RW.1",4.9,11,Selatan,"24hours,wifi,toilet,parking"
183,Warkop B&Y,"Jl. Tanjung Duren Utara I No.1B, RT.8/RW.2",4.7,194,Selatan,"24hours,wifi,toilet,parking,ac"
184,Warkop Aduhai,"Jl. Pandan No.28 1, RT.7/RW.9",4.5,14,Selatan,"wifi,toilet,parking,ac"
185,Warkop PJS,"IXno31., Jl. Tawakal Raya, RT.8/RW.9",4.1,8,Selatan,"ac,toilet"
186,Warkop Ilham,"8, Jl. Murtado 13 No.148-261, RT.8/RW.6",4.9,14,Selatan,"wifi,toilet,parking,ac"
187,Warkop Warnas,"Jl. Barito II No.1, RT.2/RW.1",1,1,Selatan,"24hours,wifi,toilet,parking"
188,Warkop Warteg BABE 24 Always On,"Jl. Pintu Air Raya No.57A, RT.6/RW.1",5,2,Selatan,"wifi,toilet"
189,Warkop Bhabacoffe,"RT.4/RW.1, Jl. Kuningan Barat Raya, RT.4/RW.1",5,4,Selatan,"wifi,toilet"
190,Warkop Warna Warni,"Jl. Prof. DR. Satrio No.3, RT.11/RW.4",5,3,Selatan,"24hours,wifi,toilet,parking,ac"
191,Warkop Katineung,"warkop katineung, Jalan Kramat Lontar No. j150 RT.7/RW.1 jl.kramat lontar.J150",4.6,32,Selatan,"wifi,toilet,parking,ac"
192,WARKOP BAROKAH,RRJQ+F84,5,1,Selatan,"wifi,toilet"
193,Warkop Junko,"PRG9+JH6, Jalan Kemang Selatan Raya, Mampang Prapatan, RT.1/RW.3",4.1,28,Selatan,"ac,toilet"
194,Warkop TAKASIMURA,"Jl. Penggalang No.9, RW.1",4.9,10,Selatan,"wifi,toilet"
195,WARKOP GUNTUR POJOKAN,Jl. Kawi,5,6,Selatan,"24hours,wifi,toilet,parking,ac"
196,Warkop Cikal,"Jl. Pemuda III A No.14A 11, RT.11",4.6,10,Selatan,"ac,toilet"
197,WARKOP BERSAMA,"RV82+7W5, Jl. Kramat Pulo, RT.7/RW.10",3,3,Selatan,"24hours,wifi,toilet,parking,ac"
198,Warkop Orange Cafe,"Jalan Gang Keluarga Nomer 39D Rt O06 Rw 012 Palmerah Pulo, RT.4",5,1,Selatan,"24hours,wifi,toilet,parking"
199,Warkop Lestari,"Jl. Tebet Dalam IV No.10-8, RT.16/RW.1",5,2,Selatan,"ac,toilet"
200,Warkop Komarudin,"RVXQ+6Q6, Jalan Raya Boulevard Barat Ruko INKOPAL Blok C Kelapa Gading Barat Jakarta, Utara, RT.2/RW.9",5,2,Utara,"24hours,wifi,toilet,parking"
201,WARKOP A BUANG,"Kokan Permata Klp. Gading, Wisata Kuliner Puspomal Kelapa Gading (depan Rukan, Jl. Boulevard Bukit Gading Raya, RT.15/RW.3",4,2,Utara,"wifi,toilet,parking,ac"
202,WARKOP SKSD,Jl. Inspeksi Kali Sunter,5,4,Utara,"wifi,toilet,parking,ac"
203,Warkop Bubur Barokah,"Jl. Inspeksi Kali Sunter No.9, RT.9/RW.4",5,1,Utara,"24hours,wifi,toilet,parking"
204,warkop kun gar,"Jl. Inspeksi Kali Sunter No.13 9, RT.9/RW.4",5,2,Utara,"wifi,toilet"
205,Warkop pulo,"RVWM+244, Jl. Pulo Besar 1, RT.005/011/RW.11",4.9,8,Utara,"24hours,wifi,toilet,parking,ac"
206,Warkop 99 Kuningan,"Jalan Taman Mandiri Indah, Blok M4D, #9, RT.13/RW.18",4.7,55,Utara,"wifi,toilet,parking,ac"
207,Warkop Pak Musa (Warpol),"Jl. Klp. Puan Raya No.13, RT.13/RW.13",5,1,Utara,"ac,toilet"
208,Warkop Sadulur,"Jl. Inspeksi Kali Sunter No.4 7, RT.10/RW.4",4.5,4,Utara,"wifi,toilet"
209,Warkop Paul,"Jl. Inspeksi Kali Sunter No.15 15, RT.15/RW.4",4.8,10,Utara,"wifi,toilet,parking,ac"
210,Warkop 24,"RVJW+7MM, Jl. Pelepah Raya, RW.5",4.2,27,Utara,"24hours,wifi,toilet,parking,ac"
211,Warkop Bekas Sekolah,Jl. Telaga Raya No.79,5,33,Utara,"ac,toilet"
212,Warkop Galunggung,"RVRG+68H, RT.1/RW.9",4.6,54,Utara,"ac,toilet"
213,Warkop lengkap,"Komp. Bukit Gading Indah, Jl. Raya Bukit Gading Villa, RT.4/RW.14",5,1,Utara,"24hours,wifi,toilet,parking"
214,Warkop Biru Co.,"Jl. Plumpang Semper No.16A, RT.1/RW.4",4.6,17,Utara,"wifi,toilet"
215,Warkop Askar 07 Salawasna Dina Hate,"Jl. Inspeksi Kp, Jl. Rw. Indah GG. Armada No.10, RT.3/RW.3",5,3,Utara,"wifi,toilet,parking,ac"
216,Warkop Walet,"Jl. Gaya Motor III No.4, RW.8",4.6,84,Utara,"wifi,toilet"
217,Lembaga Warkop DKI,"East Jakarta City, Jakarta, Indonesia",5,6,Utara,"24hours,wifi,toilet,parking"
218,Warkop Lembah Ciremay,"Central Jakarta City, Jakarta, Indonesia",4.6,120,Utara,"wifi,toilet,parking,ac"
219,Warkop ngalor ngidul,"Jakarta, Indonesia",5,1,Utara,"24hours,wifi,toilet,parking"
220,Warkop warmindo cirebon,"Jl. Pegangsaan Dua no 64, RW.3",4.5,8,Utara,"24hours,wifi,toilet,parking"
221,Warkop Tamjog,"we2 no 3a, Jl. Boulevard Raya, RT.13/RW.16",4.4,73,Utara,"24hours,wifi,toilet,parking,ac"
222,Warkop Kuning Manggar,Jl. Manggar No.8a,5,8,Utara,"wifi,toilet"
223,Warkop Mar-Le,"2, Jl. Pademangan V No.31, RT.2/RW.9",4.5,62,Utara,"wifi,toilet,parking,ac"
224,Warkop Nyai Lilis,"Central Jakarta City, Jakarta, Indonesia",5,7,Utara,"wifi,toilet"
225,Warkop Panca,"Central Jakarta City, Jakarta, Indonesia",4.6,65,Utara,"wifi,toilet,parking,ac"
226,Warkop Mang Wawan,"Central Jakarta City, Jakarta, Indonesia",5,3,Utara,"24hours,wifi,toilet,parking"
227,Warkop Bejo,"BLK. G7, No. 20, Ruko Danau Sunter Utara, JL. Danau Sunter Utara, Sunter Agung, 14350 Jakarta Utara, Indonesia, RT.14/RW.13",5,4,Utara,"24hours,wifi,toilet,parking"
228,Warkop Salah Satu,"Jl. Tipar Cakung No.3, RT.2/RW.4",5,21,Utara,"24hours,wifi,toilet,parking,ac"
229,Warkop AREVA / Warkop GONDRONG,"Blk. A, Jl. Alamanda Raya nomer 1",5,1,Utara,"wifi,toilet,parking,ac"
230,Warkop sumber barokah,"Central Jakarta City, Jakarta, Indonesia",4,1,Utara,"wifi,toilet"
231,Warkop Bu Boss,Jl. Walang Permai No.17 A,4.9,17,Utara,"wifi,toilet"
232,Warkop Santri,"VVHC+X9G, Jl. Bahari II, RT.4/RW.3",4.6,57,Utara,"24hours,wifi,toilet,parking"
233,Warkop Sola,"Jl. Warakas III Gg. 10 No.25a, 15 4, RT.15/RW.4",4.6,29,Utara,"wifi,toilet,parking,ac"
234,Warkop GMR,"East Jakarta City, Jakarta, Indonesia",5,2,Utara,"24hours,wifi,toilet,parking"
235,Warkop Oting,"Jl. Warakas V Jl. Warakas Gg. 8 No.124 12, RT.12/RW.10",4.5,67,Utara,"wifi,toilet,parking,ac"
236,WARKOP MINI JOHAR BARU,"Central Jakarta City, Jakarta, Indonesia",4.7,67,Utara,"24hours,wifi,toilet,parking"
237,WarKop Suhar 24Jam Danau Sunter,"VV4J+5P8, Jl. Danau Sunter Selatan, RT.11/RW.11",5,4,Utara,"wifi,toilet,parking,ac"
238,WARKOP...BARU,"Jl. Benteng Mas Raya Gg. Sky IX No.VII RT.16/RW.6, no 9",5,2,Utara,"toilet,parking"
239,Warkop Pak Ade,"Central Jakarta City, Jakarta, Indonesia",5,3,Utara,"wifi,toilet,parking,ac"
240,Warkop Starbak Pak Sarwan,RT.2/RW.9,5,16,Utara,"24hours,wifi,toilet,parking"
241,Warkop Deli 26,"VVQX+VM9, RT.4/RW.2",4.5,14,Utara,"toilet,parking"
242,Warkop Mardani,"Central Jakarta City, Jakarta, Indonesia",3.7,3,Utara,"toilet,parking"
243,Warkop Azka,"Jl. Dukuh No.35 1, RT.1/RW.8",4.3,3,Utara,"wifi,toilet,parking,ac"
244,Ndeso'o Warkop,"Central Jakarta City, Jakarta, Indonesia",5,13,Utara,"wifi,toilet,parking,ac"
245,Warkop Centeria,"Jl. Mindi No.35 3, RT.3/RW.7",4.8,35,Utara,"toilet,parking"
246,WARKOP HARAPAN BUNDA,"Jl. Swadaya No.20 1, RT.12/RW.5",5,1,Utara,"24hours,parking"
247,Warkop Cabang Swadaya 02,"Jl. Warakas Raya No.82 1, RT.8/RW.8",5,6,Utara,"toilet,parking,wifi"
248,WADUH - Warkop Seduh,"5, Jl. Komp. Yuka No.8, RT.4/RW.8",5,3,Utara,"24hours,wifi,toilet,parking"
249,Warkop Barokah Sunter,"Jl. Sunter Jaya II A, RT.6/RW.2",5,1,Utara,"wifi,toilet,parking,ac"
250,Warkop Mami Gue,"Central Jakarta City, Jakarta, Indonesia",5,1,Utara,"24hours,wifi,toilet,parking"
251,Bukan Warkop Biasa,Indonesia,4.9,11,Utara,"wifi,toilet,parking,ac"
252,Warkop 1 Jan_Cook,"Samping Hotel D'Arcici, Jl. Plumpang Semper Raya No.59 8, RT.8/RW.2",4.6,8,Utara,"toilet,parking"
253,WARKOP BETAWI,"West Jakarta City, Jakarta, Indonesia",4.6,53,Utara,"toilet,parking"
254,Warkop sahabat,"Jl. Warakas V Gg. 5 No.98, RT.12/RW.9",5,1,Utara,"ac,toilet"
255,Warkop Suka Suka Kopi,"Central Jakarta City, Jakarta, Indonesia",5,3,Utara,"ac,toilet"